,Primary Fur Color
0,
1,Gray
2,Cinnamon
3,Gray
4,
5,Gray
6,Gray
7,Gray
8,Gray
9,Gray
10,Gray
11,Cinnamon
12,Gray
13,Gray
14,Gray
15,Gray
16,Gray
17,Gray
18,Cinnamon
19,Gray
20,Gray
21,Gray
22,Gray
23,Gray
24,Gray
25,Cinnamon
26,Cinnamon
27,Gray
28,Gray
29,Gray
30,Gray
31,Gray
32,Gray
33,Gray
34,Gray
35,Cinnamon
36,Gray
37,Gray
38,Gray
39,Gray
40,Gray
41,Black
42,Gray
43,Gray
44,Gray
45,Gray
46,Gray
47,Gray
48,Gray
49,Black
50,Gray
51,Gray
52,Gray
53,Gray
54,Gray
55,Gray
56,Gray
57,Gray
58,Gray
59,Gray
60,Gray
61,Gray
62,Cinnamon
63,Gray
64,Gray
65,Gray
66,Cinnamon
67,Cinnamon
68,Gray
69,Gray
70,Gray
71,Gray
72,Gray
73,Gray
74,Gray
75,Gray
76,Gray
77,Gray
78,Cinnamon
79,Gray
80,Gray
81,Gray
82,Cinnamon
83,Gray
84,Gray
85,Gray
86,Cinnamon
87,Cinnamon
88,Gray
89,Gray
90,Gray
91,
92,Gray
93,Gray
94,Gray
95,Gray
96,Gray
97,Gray
98,Black
99,Gray
100,Gray
101,Gray
102,Gray
103,Gray
104,Gray
105,Gray
106,Gray
107,Gray
108,Gray
109,Gray
110,Gray
111,Gray
112,Gray
113,Gray
114,Gray
115,Gray
116,Gray
117,Gray
118,Gray
119,Cinnamon
120,Gray
121,Gray
122,Gray
123,Gray
124,Cinnamon
125,Gray
126,Gray
127,Gray
128,Gray
129,Black
130,Gray
131,Gray
132,Gray
133,Gray
134,Gray
135,Gray
136,Gray
137,Gray
138,Gray
139,Cinnamon
140,Gray
141,Gray
142,Gray
143,Gray
144,Gray
145,Gray
146,Gray
147,Gray
148,Gray
149,Cinnamon
150,Cinnamon
151,Gray
152,Gray
153,Gray
154,Gray
155,Gray
156,Gray
157,Gray
158,Gray
159,Gray
160,Gray
161,Gray
162,Gray
163,Gray
164,Cinnamon
165,Cinnamon
166,Gray
167,Gray
168,Gray
169,Gray
170,Gray
171,Gray
172,Gray
173,Gray
174,Gray
175,Gray
176,Gray
177,Gray
178,Gray
179,Gray
180,Black
181,Black
182,Gray
183,Gray
184,Gray
185,Gray
186,Gray
187,Cinnamon
188,Gray
189,Gray
190,Gray
191,Gray
192,Gray
193,Cinnamon
194,Gray
195,Gray
196,Gray
197,
198,Cinnamon
199,Gray
200,Gray
201,Gray
202,Gray
203,Cinnamon
204,Gray
205,Gray
206,Gray
207,Gray
208,Gray
209,Black
210,Gray
211,Gray
212,Gray
213,Cinnamon
214,Gray
215,Gray
216,Cinnamon
217,Gray
218,Gray
219,Gray
220,Gray
221,
222,Gray
223,Cinnamon
224,Gray
225,Gray
226,Black
227,Gray
228,Gray
229,Gray
230,Gray
231,Gray
232,Cinnamon
233,Gray
234,Gray
235,Gray
236,Gray
237,Gray
238,Gray
239,Gray
240,Gray
241,Gray
242,Gray
243,Gray
244,Gray
245,Gray
246,Cinnamon
247,Gray
248,Cinnamon
249,Gray
250,Gray
251,Gray
252,Gray
253,Cinnamon
254,Cinnamon
255,Cinnamon
256,Cinnamon
257,Gray
258,Gray
259,Gray
260,Cinnamon
261,Gray
262,Cinnamon
263,Gray
264,Gray
265,Gray
266,Cinnamon
267,Cinnamon
268,Gray
269,Gray
270,Gray
271,Gray
272,Gray
273,Gray
274,Gray
275,Gray
276,Gray
277,Gray
278,Gray
279,Gray
280,Gray
281,Gray
282,Gray
283,Gray
284,Gray
285,Gray
286,Gray
287,Gray
288,Gray
289,Cinnamon
290,Gray
291,Gray
292,Gray
293,Gray
294,Gray
295,Gray
296,Gray
297,Cinnamon
298,Gray
299,Gray
300,Gray
301,Gray
302,Cinnamon
303,Gray
304,Cinnamon
305,Gray
306,Gray
307,Gray
308,Gray
309,Gray
310,Gray
311,Gray
312,Gray
313,Gray
314,Gray
315,Gray
316,Gray
317,Gray
318,Cinnamon
319,Cinnamon
320,Gray
321,Gray
322,Gray
323,Gray
324,Black
325,Gray
326,Gray
327,Gray
328,Gray
329,Gray
330,Gray
331,Gray
332,Gray
333,Gray
334,Gray
335,Gray
336,Gray
337,Gray
338,Gray
339,Gray
340,Gray
341,Gray
342,Gray
343,Gray
344,Gray
345,Gray
346,Gray
347,Cinnamon
348,Cinnamon
349,Gray
350,Gray
351,Gray
352,Gray
353,Gray
354,Gray
355,Gray
356,Gray
357,Cinnamon
358,Gray
359,Gray
360,Gray
361,Gray
362,Gray
363,Gray
364,Gray
365,Gray
366,Gray
367,Gray
368,Black
369,Gray
370,Gray
371,Gray
372,Gray
373,Gray
374,Cinnamon
375,Cinnamon
376,Cinnamon
377,Gray
378,Gray
379,Gray
380,Black
381,Gray
382,Gray
383,Cinnamon
384,Gray
385,Gray
386,Gray
387,Black
388,Gray
389,Gray
390,Black
391,Cinnamon
392,Gray
393,Gray
394,Gray
395,Gray
396,Cinnamon
397,Gray
398,Cinnamon
399,Gray
400,Gray
401,Gray
402,Gray
403,Gray
404,Cinnamon
405,Gray
406,Gray
407,Gray
408,Gray
409,Gray
410,Gray
411,Cinnamon
412,Gray
413,Gray
414,Gray
415,Gray
416,Gray
417,Gray
418,Gray
419,Gray
420,Gray
421,Gray
422,Cinnamon
423,Cinnamon
424,Gray
425,Gray
426,Gray
427,Gray
428,Gray
429,Black
430,Gray
431,Cinnamon
432,Gray
433,Gray
434,Gray
435,Gray
436,Gray
437,Gray
438,Gray
439,Gray
440,Gray
441,Gray
442,Gray
443,Gray
444,Gray
445,Gray
446,Gray
447,Gray
448,Gray
449,Gray
450,Gray
451,Gray
452,Gray
453,Cinnamon
454,
455,Gray
456,Gray
457,Cinnamon
458,Gray
459,Gray
460,Cinnamon
461,Gray
462,Gray
463,Cinnamon
464,Gray
465,Gray
466,Gray
467,Gray
468,Gray
469,Cinnamon
470,Gray
471,Gray
472,Black
473,Gray
474,Gray
475,Gray
476,Cinnamon
477,Gray
478,Gray
479,Gray
480,Black
481,Gray
482,Gray
483,Gray
484,Cinnamon
485,Gray
486,Gray
487,Gray
488,Gray
489,Cinnamon
490,Gray
491,Gray
492,Cinnamon
493,Gray
494,Cinnamon
495,Gray
496,Black
497,Gray
498,Gray
499,Gray
500,Gray
501,Gray
502,Gray
503,Gray
504,Gray
505,Cinnamon
506,Gray
507,Gray
508,Cinnamon
509,Gray
510,Gray
511,
512,Gray
513,Cinnamon
514,Gray
515,Gray
516,Gray
517,Gray
518,Gray
519,Gray
520,Gray
521,Gray
522,Gray
523,Gray
524,Cinnamon
525,
526,Gray
527,Gray
528,Gray
529,Gray
530,Gray
531,Gray
532,Gray
533,Cinnamon
534,Gray
535,Gray
536,Gray
537,Gray
538,Gray
539,Gray
540,Gray
541,Black
542,Gray
543,Gray
544,Cinnamon
545,Black
546,Gray
547,Gray
548,Gray
549,Gray
550,Gray
551,Cinnamon
552,Gray
553,Gray
554,Gray
555,Gray
556,Cinnamon
557,Gray
558,Gray
559,Gray
560,Gray
561,Gray
562,Gray
563,Gray
564,Gray
565,Gray
566,Gray
567,Gray
568,Gray
569,Gray
570,Gray
571,Gray
572,Gray
573,Gray
574,Gray
575,Gray
576,Gray
577,Gray
578,Gray
579,Gray
580,Gray
581,Gray
582,Gray
583,Gray
584,Gray
585,Gray
586,Gray
587,Cinnamon
588,Gray
589,Cinnamon
590,Gray
591,Gray
592,Black
593,Gray
594,Gray
595,Gray
596,Gray
597,Gray
598,Gray
599,Cinnamon
600,Gray
601,Gray
602,Gray
603,Cinnamon
604,Gray
605,Gray
606,Gray
607,Black
608,Gray
609,Gray
610,Gray
611,Gray
612,Gray
613,Gray
614,Gray
615,Gray
616,Gray
617,Gray
618,Gray
619,Cinnamon
620,Gray
621,Gray
622,Gray
623,Gray
624,Cinnamon
625,Gray
626,Gray
627,Gray
628,Gray
629,Gray
630,Gray
631,Gray
632,Gray
633,Black
634,Gray
635,Cinnamon
636,Gray
637,Gray
638,Gray
639,Cinnamon
640,Gray
641,Gray
642,Gray
643,Gray
644,Gray
645,Gray
646,Gray
647,Gray
648,Gray
649,Gray
650,Cinnamon
651,Gray
652,Gray
653,Gray
654,Gray
655,Gray
656,Gray
657,Black
658,Gray
659,Cinnamon
660,Gray
661,Gray
662,Gray
663,Gray
664,Gray
665,Gray
666,Cinnamon
667,Gray
668,Gray
669,Gray
670,Gray
671,Gray
672,Gray
673,Gray
674,Gray
675,Gray
676,Cinnamon
677,Gray
678,Gray
679,Gray
680,Gray
681,Gray
682,Gray
683,Cinnamon
684,Cinnamon
685,
686,Cinnamon
687,Gray
688,Gray
689,
690,Black
691,Gray
692,Gray
693,Gray
694,Cinnamon
695,Gray
696,Gray
697,Gray
698,Cinnamon
699,Gray
700,Gray
701,Gray
702,Gray
703,Gray
704,Gray
705,Gray
706,Gray
707,
708,Gray
709,Gray
710,
711,Gray
712,Gray
713,Gray
714,Cinnamon
715,Gray
716,Gray
717,Gray
718,Gray
719,Gray
720,Black
721,Gray
722,Cinnamon
723,Gray
724,Gray
725,Gray
726,Gray
727,Gray
728,Gray
729,Gray
730,Black
731,Gray
732,Gray
733,Gray
734,Gray
735,Gray
736,Gray
737,Gray
738,Gray
739,Gray
740,Gray
741,Gray
742,Gray
743,Gray
744,Cinnamon
745,Black
746,Gray
747,Cinnamon
748,Gray
749,Gray
750,Gray
751,Gray
752,Gray
753,Gray
754,Black
755,Gray
756,Gray
757,Gray
758,Gray
759,Gray
760,Gray
761,Gray
762,Gray
763,Gray
764,Gray
765,Gray
766,Gray
767,Gray
768,Gray
769,Black
770,Gray
771,Gray
772,Gray
773,Gray
774,Gray
775,Gray
776,Gray
777,Gray
778,Gray
779,Cinnamon
780,Gray
781,Gray
782,Gray
783,Gray
784,Gray
785,Gray
786,Gray
787,Cinnamon
788,Cinnamon
789,Gray
790,Gray
791,Gray
792,Gray
793,
794,Gray
795,Gray
796,Gray
797,Gray
798,Cinnamon
799,Cinnamon
800,Gray
801,Gray
802,Gray
803,Gray
804,Cinnamon
805,Gray
806,Gray
807,Gray
808,Gray
809,Gray
810,Gray
811,Gray
812,Cinnamon
813,Gray
814,Gray
815,Gray
816,Gray
817,Gray
818,Gray
819,Gray
820,Black
821,Gray
822,Gray
823,Gray
824,Gray
825,Gray
826,Gray
827,Gray
828,Gray
829,Gray
830,Gray
831,Gray
832,Gray
833,Gray
834,Gray
835,Gray
836,Black
837,Gray
838,Gray
839,Gray
840,Gray
841,Gray
842,Gray
843,Cinnamon
844,Gray
845,Gray
846,Gray
847,Gray
848,Gray
849,Cinnamon
850,Gray
851,Cinnamon
852,Gray
853,Black
854,Gray
855,Gray
856,Gray
857,Black
858,Gray
859,Gray
860,
861,Gray
862,Cinnamon
863,Gray
864,Gray
865,Gray
866,
867,Gray
868,Gray
869,Gray
870,Gray
871,Black
872,Gray
873,Gray
874,Gray
875,Gray
876,Gray
877,Gray
878,Gray
879,Gray
880,Gray
881,Gray
882,Gray
883,Gray
884,Gray
885,Gray
886,Gray
887,Gray
888,Gray
889,Gray
890,Gray
891,Gray
892,Cinnamon
893,Cinnamon
894,Gray
895,Gray
896,Cinnamon
897,Gray
898,Gray
899,Gray
900,Gray
901,Gray
902,Gray
903,Gray
904,Cinnamon
905,Gray
906,Gray
907,Gray
908,Gray
909,Gray
910,Gray
911,Gray
912,Gray
913,Gray
914,Gray
915,Gray
916,Gray
917,Gray
918,Gray
919,Gray
920,Gray
921,Gray
922,Gray
923,Gray
924,Cinnamon
925,Gray
926,Gray
927,Cinnamon
928,Gray
929,Gray
930,Cinnamon
931,Gray
932,Gray
933,Gray
934,Gray
935,Gray
936,Cinnamon
937,Gray
938,Cinnamon
939,Gray
940,Gray
941,Gray
942,Gray
943,Gray
944,Gray
945,Cinnamon
946,Gray
947,Gray
948,Gray
949,Gray
950,Gray
951,Gray
952,Gray
953,Cinnamon
954,Gray
955,Gray
956,Gray
957,Gray
958,Gray
959,Cinnamon
960,Gray
961,Gray
962,Gray
963,Gray
964,Gray
965,Gray
966,Cinnamon
967,Cinnamon
968,Gray
969,Gray
970,Cinnamon
971,Gray
972,Gray
973,Gray
974,Gray
975,Gray
976,Gray
977,Gray
978,Gray
979,Gray
980,Gray
981,Cinnamon
982,Gray
983,Gray
984,Gray
985,Gray
986,Cinnamon
987,Gray
988,Gray
989,Gray
990,Gray
991,Gray
992,Gray
993,Gray
994,Gray
995,Gray
996,Cinnamon
997,Gray
998,Gray
999,Gray
1000,Cinnamon
1001,Gray
1002,Cinnamon
1003,Gray
1004,Gray
1005,Cinnamon
1006,Gray
1007,Gray
1008,Gray
1009,Gray
1010,Gray
1011,Gray
1012,Gray
1013,Gray
1014,Gray
1015,Gray
1016,Cinnamon
1017,Gray
1018,Gray
1019,Gray
1020,Gray
1021,Gray
1022,Gray
1023,Gray
1024,Gray
1025,Black
1026,Gray
1027,Gray
1028,Gray
1029,Gray
1030,Gray
1031,Gray
1032,Gray
1033,Cinnamon
1034,Gray
1035,Gray
1036,
1037,Cinnamon
1038,Gray
1039,Gray
1040,Gray
1041,Cinnamon
1042,Gray
1043,Gray
1044,Gray
1045,Gray
1046,Gray
1047,Gray
1048,Gray
1049,Cinnamon
1050,Gray
1051,Gray
1052,Gray
1053,Gray
1054,Gray
1055,Cinnamon
1056,Black
1057,Gray
1058,Gray
1059,Gray
1060,Gray
1061,Gray
1062,Gray
1063,Gray
1064,Gray
1065,Black
1066,Cinnamon
1067,Gray
1068,Gray
1069,Gray
1070,Gray
1071,Gray
1072,Gray
1073,Gray
1074,Cinnamon
1075,Gray
1076,Cinnamon
1077,Gray
1078,Gray
1079,Gray
1080,Cinnamon
1081,Gray
1082,Gray
1083,Gray
1084,Gray
1085,Black
1086,Gray
1087,Cinnamon
1088,Gray
1089,Gray
1090,Gray
1091,Gray
1092,Gray
1093,Gray
1094,Gray
1095,Gray
1096,Gray
1097,Cinnamon
1098,Gray
1099,Gray
1100,Black
1101,Gray
1102,Cinnamon
1103,Gray
1104,Gray
1105,Gray
1106,Gray
1107,Gray
1108,Gray
1109,Gray
1110,Gray
1111,
1112,Gray
1113,Gray
1114,Gray
1115,Gray
1116,Cinnamon
1117,Gray
1118,Gray
1119,Gray
1120,Cinnamon
1121,Gray
1122,Gray
1123,Gray
1124,Gray
1125,Gray
1126,Cinnamon
1127,Gray
1128,Cinnamon
1129,Gray
1130,Gray
1131,Cinnamon
1132,Gray
1133,Gray
1134,Cinnamon
1135,Gray
1136,Gray
1137,Cinnamon
1138,Gray
1139,Cinnamon
1140,Gray
1141,Cinnamon
1142,Gray
1143,Gray
1144,Cinnamon
1145,Cinnamon
1146,Gray
1147,Gray
1148,Black
1149,Gray
1150,Gray
1151,Gray
1152,Gray
1153,Gray
1154,Cinnamon
1155,Gray
1156,Gray
1157,Cinnamon
1158,Gray
1159,Gray
1160,Gray
1161,Gray
1162,Gray
1163,Gray
1164,Cinnamon
1165,Gray
1166,Gray
1167,Gray
1168,Gray
1169,Gray
1170,Gray
1171,Gray
1172,Gray
1173,Gray
1174,Gray
1175,Gray
1176,Cinnamon
1177,Gray
1178,Gray
1179,Gray
1180,Gray
1181,Gray
1182,Gray
1183,Gray
1184,Gray
1185,Gray
1186,Cinnamon
1187,Gray
1188,Gray
1189,Gray
1190,Gray
1191,Gray
1192,Black
1193,Gray
1194,Gray
1195,Gray
1196,Gray
1197,Cinnamon
1198,Cinnamon
1199,Gray
1200,Gray
1201,Gray
1202,Gray
1203,Gray
1204,Gray
1205,Gray
1206,Gray
1207,Gray
1208,Gray
1209,Black
1210,Gray
1211,Cinnamon
1212,Gray
1213,Gray
1214,Cinnamon
1215,Gray
1216,Gray
1217,Gray
1218,Gray
1219,Gray
1220,Cinnamon
1221,Gray
1222,Black
1223,Gray
1224,Gray
1225,Cinnamon
1226,Gray
1227,Gray
1228,Gray
1229,Cinnamon
1230,Gray
1231,Black
1232,Cinnamon
1233,Gray
1234,Gray
1235,Gray
1236,Gray
1237,Gray
1238,Gray
1239,Gray
1240,Gray
1241,Gray
1242,Gray
1243,
1244,Gray
1245,Cinnamon
1246,Gray
1247,
1248,Gray
1249,Gray
1250,Gray
1251,Gray
1252,Cinnamon
1253,Gray
1254,Gray
1255,Gray
1256,Gray
1257,Gray
1258,Gray
1259,Cinnamon
1260,Black
1261,Gray
1262,Gray
1263,Gray
1264,Gray
1265,Cinnamon
1266,Black
1267,Gray
1268,Gray
1269,Cinnamon
1270,Gray
1271,Gray
1272,Gray
1273,Gray
1274,Cinnamon
1275,Cinnamon
1276,Gray
1277,Gray
1278,Gray
1279,Gray
1280,Cinnamon
1281,Cinnamon
1282,Gray
1283,Gray
1284,Gray
1285,Gray
1286,Cinnamon
1287,Gray
1288,Cinnamon
1289,Cinnamon
1290,Gray
1291,Gray
1292,Gray
1293,Cinnamon
1294,Gray
1295,Black
1296,Gray
1297,Gray
1298,Gray
1299,Gray
1300,Gray
1301,Gray
1302,Gray
1303,Gray
1304,Gray
1305,Gray
1306,Black
1307,Gray
1308,Gray
1309,Gray
1310,Cinnamon
1311,Gray
1312,Gray
1313,Gray
1314,Gray
1315,Gray
1316,Gray
1317,Gray
1318,Gray
1319,Gray
1320,Gray
1321,Gray
1322,Cinnamon
1323,Gray
1324,Gray
1325,Gray
1326,Gray
1327,Gray
1328,Gray
1329,Gray
1330,Gray
1331,Gray
1332,Gray
1333,Cinnamon
1334,Gray
1335,Gray
1336,Gray
1337,Gray
1338,Gray
1339,Gray
1340,Gray
1341,Gray
1342,Gray
1343,Gray
1344,Black
1345,Gray
1346,Gray
1347,Gray
1348,Gray
1349,Gray
1350,Cinnamon
1351,Gray
1352,Cinnamon
1353,Cinnamon
1354,Gray
1355,Gray
1356,Gray
1357,Gray
1358,Gray
1359,Gray
1360,
1361,Gray
1362,Cinnamon
1363,Gray
1364,Gray
1365,Gray
1366,Gray
1367,Gray
1368,Cinnamon
1369,Gray
1370,Gray
1371,
1372,Gray
1373,Gray
1374,Gray
1375,Gray
1376,Gray
1377,Gray
1378,Cinnamon
1379,Gray
1380,Gray
1381,Cinnamon
1382,Gray
1383,Cinnamon
1384,Gray
1385,Gray
1386,Gray
1387,
1388,Gray
1389,Gray
1390,Gray
1391,Black
1392,Gray
1393,Cinnamon
1394,Gray
1395,Gray
1396,Gray
1397,Gray
1398,Gray
1399,Gray
1400,Gray
1401,Gray
1402,Gray
1403,Gray
1404,Gray
1405,
1406,
1407,Gray
1408,Gray
1409,Gray
1410,Gray
1411,Cinnamon
1412,Gray
1413,Gray
1414,Cinnamon
1415,Cinnamon
1416,Gray
1417,Cinnamon
1418,Gray
1419,Gray
1420,Gray
1421,Gray
1422,Gray
1423,Gray
1424,Gray
1425,Gray
1426,Gray
1427,Gray
1428,Gray
1429,Gray
1430,Gray
1431,Gray
1432,Gray
1433,Gray
1434,Gray
1435,Gray
1436,Cinnamon
1437,Gray
1438,Gray
1439,Gray
1440,Gray
1441,Gray
1442,Gray
1443,Gray
1444,Gray
1445,Gray
1446,Gray
1447,Cinnamon
1448,Gray
1449,Gray
1450,Gray
1451,Gray
1452,Gray
1453,Gray
1454,Gray
1455,Gray
1456,Cinnamon
1457,Gray
1458,
1459,Gray
1460,Gray
1461,Gray
1462,Gray
1463,Gray
1464,Gray
1465,Gray
1466,Gray
1467,Gray
1468,Gray
1469,Gray
1470,Gray
1471,Gray
1472,Black
1473,Gray
1474,
1475,Gray
1476,Gray
1477,Gray
1478,Gray
1479,Gray
1480,Gray
1481,Gray
1482,
1483,Gray
1484,Gray
1485,Black
1486,Gray
1487,Gray
1488,Gray
1489,Gray
1490,Gray
1491,Cinnamon
1492,Gray
1493,Gray
1494,Gray
1495,Gray
1496,Gray
1497,Gray
1498,Gray
1499,Gray
1500,Gray
1501,Gray
1502,Gray
1503,Gray
1504,Cinnamon
1505,Gray
1506,Gray
1507,Gray
1508,Gray
1509,Gray
1510,Gray
1511,Gray
1512,Cinnamon
1513,Gray
1514,Gray
1515,Black
1516,Gray
1517,Gray
1518,Gray
1519,Gray
1520,Gray
1521,Gray
1522,Gray
1523,Gray
1524,Gray
1525,Gray
1526,Gray
1527,Black
1528,Gray
1529,Gray
1530,Gray
1531,Gray
1532,Gray
1533,Gray
1534,Gray
1535,Cinnamon
1536,Gray
1537,Gray
1538,Gray
1539,Gray
1540,Gray
1541,Gray
1542,Cinnamon
1543,Gray
1544,Gray
1545,Gray
1546,Gray
1547,Gray
1548,Gray
1549,Gray
1550,Cinnamon
1551,Gray
1552,Gray
1553,
1554,Gray
1555,Gray
1556,Gray
1557,Cinnamon
1558,Gray
1559,Cinnamon
1560,Cinnamon
1561,Gray
1562,Gray
1563,Gray
1564,Gray
1565,Gray
1566,Gray
1567,Gray
1568,Gray
1569,Gray
1570,Gray
1571,Cinnamon
1572,Gray
1573,Gray
1574,Gray
1575,Gray
1576,Cinnamon
1577,Gray
1578,Gray
1579,Gray
1580,Gray
1581,Gray
1582,Gray
1583,Gray
1584,Gray
1585,Gray
1586,Gray
1587,Gray
1588,Gray
1589,Gray
1590,Gray
1591,Gray
1592,Gray
1593,Gray
1594,Gray
1595,Gray
1596,Gray
1597,Gray
1598,Gray
1599,Gray
1600,Cinnamon
1601,Gray
1602,Gray
1603,Gray
1604,Cinnamon
1605,Gray
1606,
1607,Gray
1608,Gray
1609,Gray
1610,Gray
1611,Gray
1612,Gray
1613,Gray
1614,Gray
1615,Gray
1616,Cinnamon
1617,Gray
1618,Cinnamon
1619,Gray
1620,Gray
1621,Gray
1622,
1623,Gray
1624,Gray
1625,Gray
1626,Gray
1627,Gray
1628,Gray
1629,Gray
1630,Cinnamon
1631,Gray
1632,Gray
1633,Gray
1634,Gray
1635,Cinnamon
1636,Gray
1637,Gray
1638,Gray
1639,Cinnamon
1640,Gray
1641,Gray
1642,Gray
1643,Gray
1644,Gray
1645,Gray
1646,Gray
1647,Gray
1648,Gray
1649,Cinnamon
1650,Gray
1651,Cinnamon
1652,Gray
1653,
1654,Gray
1655,Gray
1656,Gray
1657,Gray
1658,Gray
1659,Gray
1660,Gray
1661,Gray
1662,Gray
1663,Gray
1664,Gray
1665,Gray
1666,Gray
1667,Gray
1668,Gray
1669,Gray
1670,Gray
1671,Gray
1672,Gray
1673,Gray
1674,Gray
1675,Gray
1676,Gray
1677,Gray
1678,Gray
1679,Cinnamon
1680,Gray
1681,Gray
1682,Cinnamon
1683,Gray
1684,Gray
1685,Gray
1686,Gray
1687,
1688,Gray
1689,Gray
1690,Gray
1691,Gray
1692,Gray
1693,Gray
1694,Gray
1695,Gray
1696,Gray
1697,Gray
1698,Gray
1699,Gray
1700,Gray
1701,Gray
1702,Gray
1703,Gray
1704,Gray
1705,Gray
1706,Gray
1707,Gray
1708,Gray
1709,Gray
1710,Gray
1711,Cinnamon
1712,Gray
1713,Gray
1714,Gray
1715,Cinnamon
1716,Gray
1717,Gray
1718,Gray
1719,Gray
1720,Gray
1721,Gray
1722,Gray
1723,Gray
1724,Cinnamon
1725,Gray
1726,Gray
1727,Gray
1728,Gray
1729,Gray
1730,Gray
1731,Gray
1732,Gray
1733,Gray
1734,Gray
1735,Gray
1736,Gray
1737,Gray
1738,Cinnamon
1739,Cinnamon
1740,Black
1741,Gray
1742,Gray
1743,Gray
1744,Gray
1745,Gray
1746,Gray
1747,Gray
1748,Cinnamon
1749,Gray
1750,Gray
1751,Gray
1752,Gray
1753,Gray
1754,
1755,Gray
1756,Gray
1757,Gray
1758,Gray
1759,Gray
1760,Gray
1761,Gray
1762,Cinnamon
1763,
1764,Gray
1765,Gray
1766,Gray
1767,Gray
1768,Gray
1769,Gray
1770,Gray
1771,Cinnamon
1772,Gray
1773,Gray
1774,Cinnamon
1775,Gray
1776,Gray
1777,
1778,Gray
1779,Gray
1780,Gray
1781,Gray
1782,Gray
1783,Gray
1784,Gray
1785,Gray
1786,Gray
1787,Gray
1788,Gray
1789,Gray
1790,Gray
1791,Gray
1792,Gray
1793,Gray
1794,Gray
1795,Gray
1796,Gray
1797,Gray
1798,Cinnamon
1799,Gray
1800,Gray
1801,Gray
1802,Gray
1803,Gray
1804,Gray
1805,Gray
1806,Gray
1807,Cinnamon
1808,Gray
1809,Gray
1810,Gray
1811,Gray
1812,Gray
1813,Gray
1814,Gray
1815,Cinnamon
1816,Gray
1817,Gray
1818,Gray
1819,Gray
1820,Gray
1821,Cinnamon
1822,Gray
1823,Gray
1824,Gray
1825,Gray
1826,Gray
1827,Gray
1828,Gray
1829,Gray
1830,Gray
1831,Cinnamon
1832,Black
1833,Gray
1834,Gray
1835,Gray
1836,Gray
1837,Gray
1838,Gray
1839,Gray
1840,Gray
1841,
1842,Cinnamon
1843,Gray
1844,Black
1845,Cinnamon
1846,Gray
1847,Gray
1848,Gray
1849,Gray
1850,Gray
1851,Gray
1852,Gray
1853,Gray
1854,Cinnamon
1855,Gray
1856,Gray
1857,Gray
1858,Gray
1859,Gray
1860,Gray
1861,Gray
1862,Gray
1863,Gray
1864,Gray
1865,Gray
1866,Gray
1867,Gray
1868,Gray
1869,Gray
1870,Cinnamon
1871,Gray
1872,Gray
1873,Gray
1874,Gray
1875,Gray
1876,Gray
1877,Gray
1878,Gray
1879,Gray
1880,Gray
1881,Gray
1882,Gray
1883,Gray
1884,Gray
1885,Gray
1886,Black
1887,Gray
1888,Cinnamon
1889,Gray
1890,Cinnamon
1891,Black
1892,Gray
1893,Gray
1894,Gray
1895,Gray
1896,Gray
1897,Gray
1898,Gray
1899,Gray
1900,Gray
1901,Gray
1902,Gray
1903,Gray
1904,Gray
1905,Gray
1906,Gray
1907,Gray
1908,Cinnamon
1909,Gray
1910,Gray
1911,Gray
1912,Gray
1913,Gray
1914,Gray
1915,Cinnamon
1916,Gray
1917,Gray
1918,Gray
1919,Gray
1920,Gray
1921,Gray
1922,Gray
1923,Gray
1924,Gray
1925,Gray
1926,Gray
1927,Gray
1928,Gray
1929,Gray
1930,
1931,Cinnamon
1932,Gray
1933,Gray
1934,Gray
1935,Gray
1936,Gray
1937,Black
1938,Cinnamon
1939,Gray
1940,Gray
1941,Gray
1942,Gray
1943,Gray
1944,Gray
1945,Gray
1946,Cinnamon
1947,Gray
1948,Gray
1949,Gray
1950,Gray
1951,Gray
1952,Gray
1953,Gray
1954,Gray
1955,Gray
1956,Gray
1957,Gray
1958,Black
1959,Gray
1960,Cinnamon
1961,Gray
1962,Gray
1963,Gray
1964,Gray
1965,Cinnamon
1966,Gray
1967,Gray
1968,Gray
1969,Gray
1970,Gray
1971,Gray
1972,Gray
1973,Gray
1974,Gray
1975,Gray
1976,Gray
1977,Gray
1978,Black
1979,Gray
1980,Gray
1981,Cinnamon
1982,Gray
1983,Gray
1984,Gray
1985,Gray
1986,Gray
1987,Gray
1988,Gray
1989,Gray
1990,Gray
1991,Gray
1992,
1993,Gray
1994,Gray
1995,Gray
1996,Gray
1997,Gray
1998,Gray
1999,Gray
2000,Cinnamon
2001,Gray
2002,Gray
2003,Gray
2004,Cinnamon
2005,Gray
2006,Cinnamon
2007,Cinnamon
2008,Cinnamon
2009,Gray
2010,Gray
2011,Gray
2012,Gray
2013,Gray
2014,Gray
2015,Gray
2016,Gray
2017,Gray
2018,Gray
2019,Gray
2020,Gray
2021,Gray
2022,Gray
2023,Gray
2024,Cinnamon
2025,Cinnamon
2026,Gray
2027,
2028,Gray
2029,Cinnamon
2030,
2031,Gray
2032,Cinnamon
2033,
2034,Gray
2035,Gray
2036,Gray
2037,Gray
2038,Gray
2039,Gray
2040,Gray
2041,Gray
2042,Cinnamon
2043,Cinnamon
2044,Gray
2045,Gray
2046,Gray
2047,Gray
2048,Gray
2049,Gray
2050,Gray
2051,Gray
2052,Gray
2053,Gray
2054,Gray
2055,Gray
2056,Gray
2057,Gray
2058,Gray
2059,Cinnamon
2060,Gray
2061,Gray
2062,Gray
2063,Gray
2064,Gray
2065,Gray
2066,Gray
2067,Gray
2068,Gray
2069,Gray
2070,Gray
2071,Gray
2072,Gray
2073,Gray
2074,Cinnamon
2075,Gray
2076,Gray
2077,Gray
2078,Gray
2079,Gray
2080,Cinnamon
2081,Gray
2082,Gray
2083,Gray
2084,Gray
2085,Gray
2086,Gray
2087,Gray
2088,Gray
2089,Gray
2090,Gray
2091,Gray
2092,Gray
2093,Gray
2094,Gray
2095,Gray
2096,Gray
2097,Gray
2098,Cinnamon
2099,Gray
2100,Gray
2101,Cinnamon
2102,Gray
2103,Gray
2104,Gray
2105,Gray
2106,Gray
2107,Gray
2108,Gray
2109,Gray
2110,Gray
2111,Gray
2112,Black
2113,Cinnamon
2114,Gray
2115,Gray
2116,Gray
2117,Gray
2118,Gray
2119,Black
2120,Gray
2121,Gray
2122,Gray
2123,Gray
2124,Gray
2125,Gray
2126,Gray
2127,Gray
2128,Gray
2129,Gray
2130,Gray
2131,Gray
2132,Gray
2133,Gray
2134,Black
2135,Gray
2136,Gray
2137,Cinnamon
2138,Gray
2139,Gray
2140,
2141,Gray
2142,Gray
2143,Gray
2144,Gray
2145,Gray
2146,Gray
2147,Gray
2148,Gray
2149,Black
2150,Gray
2151,Cinnamon
2152,Cinnamon
2153,Gray
2154,Gray
2155,Cinnamon
2156,Gray
2157,Gray
2158,Black
2159,Gray
2160,Gray
2161,Gray
2162,Gray
2163,Gray
2164,Cinnamon
2165,Black
2166,Gray
2167,Gray
2168,Gray
2169,Gray
2170,Cinnamon
2171,Gray
2172,Gray
2173,Cinnamon
2174,Gray
2175,Gray
2176,Gray
2177,Gray
2178,Gray
2179,Gray
2180,Gray
2181,Gray
2182,Gray
2183,Cinnamon
2184,Gray
2185,Gray
2186,Gray
2187,Gray
2188,Gray
2189,Cinnamon
2190,Gray
2191,Black
2192,Gray
2193,Cinnamon
2194,Gray
2195,Gray
2196,Gray
2197,Gray
2198,Gray
2199,Gray
2200,Gray
2201,Gray
2202,Gray
2203,Gray
2204,Cinnamon
2205,Black
2206,Gray
2207,Gray
2208,Gray
2209,Gray
2210,Gray
2211,Gray
2212,Gray
2213,Gray
2214,Gray
2215,Gray
2216,Gray
2217,Cinnamon
2218,Gray
2219,Gray
2220,Gray
2221,Gray
2222,Gray
2223,Gray
2224,Gray
2225,Gray
2226,Gray
2227,Gray
2228,Gray
2229,Gray
2230,Gray
2231,Gray
2232,Gray
2233,Cinnamon
2234,Gray
2235,Gray
2236,Gray
2237,Gray
2238,Gray
2239,Gray
2240,Cinnamon
2241,Gray
2242,Gray
2243,Cinnamon
2244,Cinnamon
2245,Gray
2246,Gray
2247,Gray
2248,Gray
2249,Gray
2250,Gray
2251,Cinnamon
2252,Gray
2253,Gray
2254,Cinnamon
2255,Gray
2256,Gray
2257,Gray
2258,Gray
2259,Gray
2260,Gray
2261,Gray
2262,Gray
2263,Gray
2264,Gray
2265,Black
2266,Gray
2267,Cinnamon
2268,Gray
2269,Black
2270,Gray
2271,Gray
2272,Gray
2273,Cinnamon
2274,Gray
2275,Gray
2276,Gray
2277,Cinnamon
2278,Gray
2279,Cinnamon
2280,Cinnamon
2281,Gray
2282,Gray
2283,Black
2284,Gray
2285,Gray
2286,Gray
2287,Gray
2288,Gray
2289,Gray
2290,Cinnamon
2291,Gray
2292,Gray
2293,Gray
2294,Gray
2295,Gray
2296,Gray
2297,Gray
2298,Gray
2299,Cinnamon
2300,Gray
2301,Gray
2302,Gray
2303,Gray
2304,Gray
2305,Gray
2306,Gray
2307,Gray
2308,Cinnamon
2309,Gray
2310,Gray
2311,Gray
2312,Gray
2313,Gray
2314,Gray
2315,Gray
2316,Cinnamon
2317,Gray
2318,Gray
2319,Gray
2320,Gray
2321,Black
2322,Gray
2323,Gray
2324,Black
2325,Gray
2326,
2327,Gray
2328,Black
2329,Cinnamon
2330,Gray
2331,Gray
2332,Gray
2333,Gray
2334,Gray
2335,Gray
2336,Gray
2337,Gray
2338,Gray
2339,Gray
2340,Gray
2341,Gray
2342,Gray
2343,Cinnamon
2344,Gray
2345,Gray
2346,Gray
2347,Gray
2348,Gray
2349,Gray
2350,Black
2351,Gray
2352,Gray
2353,Gray
2354,Gray
2355,Gray
2356,Gray
2357,Gray
2358,Gray
2359,Gray
2360,Gray
2361,Gray
2362,Gray
2363,Gray
2364,Gray
2365,Gray
2366,Cinnamon
2367,Gray
2368,Gray
2369,Gray
2370,Gray
2371,Gray
2372,Gray
2373,Gray
2374,Gray
2375,Gray
2376,Gray
2377,Gray
2378,Gray
2379,Gray
2380,Gray
2381,Gray
2382,Gray
2383,Gray
2384,Gray
2385,Gray
2386,Cinnamon
2387,
2388,Gray
2389,Gray
2390,Gray
2391,
2392,Gray
2393,Gray
2394,Black
2395,Gray
2396,Gray
2397,Gray
2398,Gray
2399,Gray
2400,Cinnamon
2401,Gray
2402,Gray
2403,Cinnamon
2404,Gray
2405,Gray
2406,Gray
2407,Gray
2408,Gray
2409,Gray
2410,Cinnamon
2411,Gray
2412,Black
2413,Gray
2414,Gray
2415,Gray
2416,Gray
2417,Gray
2418,Gray
2419,Gray
2420,Gray
2421,Gray
2422,Gray
2423,Gray
2424,Gray
2425,Gray
2426,Black
2427,Gray
2428,Gray
2429,Gray
2430,Gray
2431,Gray
2432,Black
2433,Gray
2434,Gray
2435,Gray
2436,Gray
2437,Gray
2438,Gray
2439,Gray
2440,Gray
2441,Gray
2442,Gray
2443,Gray
2444,Gray
2445,Gray
2446,Gray
2447,Gray
2448,Black
2449,Gray
2450,Cinnamon
2451,Gray
2452,Cinnamon
2453,Cinnamon
2454,Cinnamon
2455,Gray
2456,Gray
2457,Gray
2458,Gray
2459,Gray
2460,Cinnamon
2461,Cinnamon
2462,Gray
2463,Cinnamon
2464,Gray
2465,Gray
2466,Black
2467,Gray
2468,Black
2469,Gray
2470,Gray
2471,Gray
2472,Gray
2473,Gray
2474,Gray
2475,Gray
2476,Gray
2477,Cinnamon
2478,Gray
2479,Gray
2480,Gray
2481,Gray
2482,Cinnamon
2483,Gray
2484,Gray
2485,Gray
2486,Cinnamon
2487,Cinnamon
2488,Gray
2489,Gray
2490,Gray
2491,Cinnamon
2492,Cinnamon
2493,Gray
2494,Gray
2495,Black
2496,Gray
2497,Gray
2498,Gray
2499,Gray
2500,
2501,Gray
2502,Cinnamon
2503,Cinnamon
2504,Cinnamon
2505,Gray
2506,Gray
2507,Gray
2508,Gray
2509,Gray
2510,Gray
2511,Gray
2512,Gray
2513,Cinnamon
2514,Gray
2515,Cinnamon
2516,Gray
2517,Gray
2518,Gray
2519,Gray
2520,Cinnamon
2521,Gray
2522,Cinnamon
2523,Gray
2524,Gray
2525,Gray
2526,Gray
2527,Gray
2528,Gray
2529,Gray
2530,Gray
2531,Gray
2532,Gray
2533,Gray
2534,Black
2535,Gray
2536,Gray
2537,Gray
2538,Cinnamon
2539,Black
2540,Gray
2541,Gray
2542,Gray
2543,Gray
2544,Gray
2545,Gray
2546,Cinnamon
2547,Gray
2548,Black
2549,Cinnamon
2550,Gray
2551,Gray
2552,Gray
2553,Cinnamon
2554,Gray
2555,Gray
2556,Black
2557,Gray
2558,Gray
2559,Cinnamon
2560,Gray
2561,Gray
2562,Gray
2563,Gray
2564,Gray
2565,Gray
2566,Gray
2567,Gray
2568,Gray
2569,Gray
2570,Gray
2571,Black
2572,Gray
2573,Cinnamon
2574,Gray
2575,Gray
2576,Gray
2577,Gray
2578,Gray
2579,Gray
2580,Gray
2581,Gray
2582,Cinnamon
2583,Gray
2584,Gray
2585,Gray
2586,Cinnamon
2587,Gray
2588,Gray
2589,Gray
2590,Gray
2591,Gray
2592,Gray
2593,Gray
2594,Cinnamon
2595,Gray
2596,Gray
2597,Gray
2598,Gray
2599,Gray
2600,Cinnamon
2601,Gray
2602,Gray
2603,Gray
2604,Gray
2605,
2606,Gray
2607,Cinnamon
2608,Gray
2609,Gray
2610,Gray
2611,Cinnamon
2612,Gray
2613,Gray
2614,Gray
2615,Gray
2616,Gray
2617,Gray
2618,Gray
2619,Cinnamon
2620,Gray
2621,Gray
2622,Gray
2623,Gray
2624,Gray
2625,Gray
2626,Gray
2627,Gray
2628,Gray
2629,Gray
2630,Gray
2631,Gray
2632,Gray
2633,Gray
2634,Gray
2635,Cinnamon
2636,Gray
2637,Black
2638,Gray
2639,Gray
2640,Gray
2641,Gray
2642,Gray
2643,Gray
2644,Gray
2645,Cinnamon
2646,Cinnamon
2647,Gray
2648,Gray
2649,Gray
2650,Black
2651,Gray
2652,Gray
2653,Gray
2654,Gray
2655,Gray
2656,Gray
2657,Gray
2658,Gray
2659,Gray
2660,Gray
2661,Gray
2662,Gray
2663,Gray
2664,Gray
2665,Gray
2666,Gray
2667,Gray
2668,Gray
2669,Gray
2670,Cinnamon
2671,Cinnamon
2672,Gray
2673,Cinnamon
2674,Gray
2675,Gray
2676,Gray
2677,Gray
2678,Gray
2679,Gray
2680,Gray
2681,Gray
2682,Gray
2683,Gray
2684,Gray
2685,Gray
2686,Gray
2687,Gray
2688,Gray
2689,Gray
2690,Gray
2691,Gray
2692,
2693,Gray
2694,Gray
2695,Cinnamon
2696,Gray
2697,Gray
2698,Gray
2699,Gray
2700,Gray
2701,Gray
2702,Gray
2703,Gray
2704,Gray
2705,Gray
2706,Gray
2707,Gray
2708,Gray
2709,Gray
2710,Gray
2711,Gray
2712,Gray
2713,
2714,Gray
2715,Gray
2716,Gray
2717,Gray
2718,Gray
2719,Gray
2720,Gray
2721,Gray
2722,Gray
2723,Gray
2724,Cinnamon
2725,Gray
2726,Cinnamon
2727,Gray
2728,Gray
2729,Gray
2730,Black
2731,Cinnamon
2732,Gray
2733,Gray
2734,Cinnamon
2735,Gray
2736,Gray
2737,Gray
2738,Cinnamon
2739,Gray
2740,Gray
2741,Cinnamon
2742,Gray
2743,
2744,Cinnamon
2745,Cinnamon
2746,Gray
2747,Gray
2748,Gray
2749,Gray
2750,Gray
2751,Cinnamon
2752,Cinnamon
2753,
2754,Black
2755,Gray
2756,Cinnamon
2757,Gray
2758,Gray
2759,Gray
2760,Cinnamon
2761,Gray
2762,Gray
2763,Cinnamon
2764,Gray
2765,Gray
2766,Gray
2767,Black
2768,Gray
2769,Gray
2770,Gray
2771,Gray
2772,Black
2773,Gray
2774,Gray
2775,Gray
2776,Gray
2777,Gray
2778,Cinnamon
2779,Gray
2780,Gray
2781,Gray
2782,Gray
2783,
2784,Gray
2785,Gray
2786,Cinnamon
2787,Cinnamon
2788,Gray
2789,
2790,Gray
2791,Gray
2792,Gray
2793,Cinnamon
2794,Gray
2795,Gray
2796,Gray
2797,Gray
2798,Cinnamon
2799,Gray
2800,Cinnamon
2801,Cinnamon
2802,Gray
2803,Gray
2804,Gray
2805,Gray
2806,Gray
2807,Gray
2808,Gray
2809,Gray
2810,Gray
2811,Gray
2812,Gray
2813,Gray
2814,Gray
2815,Gray
2816,Black
2817,Gray
2818,Gray
2819,Gray
2820,Gray
2821,Cinnamon
2822,Gray
2823,Gray
2824,Gray
2825,Gray
2826,Gray
2827,Gray
2828,Gray
2829,Gray
2830,Gray
2831,Gray
2832,Gray
2833,Gray
2834,Gray
2835,Gray
2836,Cinnamon
2837,Cinnamon
2838,Gray
2839,Gray
2840,Gray
2841,Gray
2842,Gray
2843,Gray
2844,Gray
2845,Gray
2846,Gray
2847,Gray
2848,Gray
2849,Gray
2850,
2851,Gray
2852,Gray
2853,Gray
2854,Gray
2855,Gray
2856,Gray
2857,Gray
2858,Gray
2859,Gray
2860,Gray
2861,Gray
2862,Gray
2863,Gray
2864,Gray
2865,Gray
2866,Gray
2867,Gray
2868,Gray
2869,Gray
2870,Gray
2871,Gray
2872,Gray
2873,Gray
2874,Gray
2875,Gray
2876,Gray
2877,Cinnamon
2878,Black
2879,Gray
2880,Gray
2881,Cinnamon
2882,Gray
2883,Gray
2884,Gray
2885,Cinnamon
2886,Gray
2887,Gray
2888,Gray
2889,Gray
2890,Cinnamon
2891,Gray
2892,Gray
2893,Gray
2894,Cinnamon
2895,Gray
2896,Cinnamon
2897,Gray
2898,Gray
2899,Cinnamon
2900,Gray
2901,Gray
2902,Gray
2903,Gray
2904,Gray
2905,Gray
2906,Gray
2907,Gray
2908,Black
2909,
2910,Gray
2911,Cinnamon
2912,Cinnamon
2913,Gray
2914,Cinnamon
2915,Gray
2916,Gray
2917,Gray
2918,Cinnamon
2919,Gray
2920,Gray
2921,Gray
2922,Gray
2923,Gray
2924,Gray
2925,Gray
2926,Cinnamon
2927,Gray
2928,Gray
2929,Gray
2930,Gray
2931,Gray
2932,Gray
2933,Gray
2934,Gray
2935,Gray
2936,Gray
2937,Cinnamon
2938,Gray
2939,Gray
2940,Cinnamon
2941,Gray
2942,Cinnamon
2943,Gray
2944,Gray
2945,Cinnamon
2946,Gray
2947,Gray
2948,Gray
2949,Gray
2950,Gray
2951,Cinnamon
2952,Gray
2953,Gray
2954,Cinnamon
2955,Gray
2956,Gray
2957,Gray
2958,Gray
2959,Gray
2960,Gray
2961,Gray
2962,Gray
2963,Gray
2964,Cinnamon
2965,Gray
2966,Gray
2967,Gray
2968,Gray
2969,Gray
2970,Cinnamon
2971,Gray
2972,Gray
2973,Black
2974,Black
2975,Cinnamon
2976,Gray
2977,Gray
2978,Gray
2979,Gray
2980,Gray
2981,Gray
2982,Gray
2983,Gray
2984,Black
2985,Cinnamon
2986,Gray
2987,Gray
2988,Cinnamon
2989,Gray
2990,Gray
2991,Cinnamon
2992,Gray
2993,Gray
2994,Gray
2995,Gray
2996,Gray
2997,Cinnamon
2998,Black
2999,Gray
3000,Gray
3001,Gray
3002,Cinnamon
3003,Cinnamon
3004,Gray
3005,Gray
3006,Gray
3007,Gray
3008,Gray
3009,Gray
3010,Gray
3011,Gray
3012,Gray
3013,Gray
3014,Gray
3015,Gray
3016,Gray
3017,Cinnamon
3018,Gray
3019,Gray
3020,Gray
3021,Gray
3022,Cinnamon
